Gene1,Gene2
MN1,IGHV1-81
CLEC12A,LACTB
MAN1A,DNTT
D630039A03RIK,CDK18
GM5111,RAMP1
TGM2,CD53
HNRNPAB,TMEM123
UHRF1,TIPIN
OAS2,IFI206
CBFB,GOLM1
PPP1R15A,KLF6
RGS2,BTG2
TOP2A,GAS2L3
C030034L19RIK,CLEC12A
MKI67,CD63
D630039A03RIK,SLC16A10
TUBB4B,NCF1
PPP1R15A,TFPI
FLT3,IGHV1-81
SPC24,UHRF1
MPO,FLT3
TRIM47,APLP2
VAMP5,LDHB
GOLM1,NUCB2
TFR2,PDZK1IP1
GBP9,GBP4
IL7R,ARPP21
CD34,TRIB3
UBA7,RASSF2
SPC24,MCM7
TFEC,ITGA6
CTSS,VAMP1
CAPG,KCTD12
IL17RA,SLC44A2
NCF1,SLC9A9
RUNX1T1,FGD5
CDK18,FGD5
RFTN1,SDSL
MPO,UBASH3A
LTB,CDK18
RGS19,TRIB3
EMP1,HACD4
SLFN2,FLT3
SLFN2,NEURL3
GOLM1,NUDT19
SLC22A3,KCTD12
CCNG2,JPT1
VLDLR,SDSL
TOP2A,ERP29
GOLM1,CKS1B
GRAMD1A,VAV3
H2-OB,PTP4A3
IFI27L2A,IFI27
TPM4,IL7R
SIGLECG,OAS2
IFI27,PLXNA4OS1
OTUB2,APOE
TRAF1,NAV1
BPIFC,ITPR2
C130089K02RIK,NHP2
DNTT,IGHM
PLAC8,SLC43A2
HAAO,SLC18A1
JCHAIN,CNN3
DUSP6,FLT3
PIRB,PLD4
PRIM1,PANX1
GM11346,SULT1A1
CRIP1,EMB
CD74,LTB
DUSP6,PLAC8
SPNS2,IL7R
UBA7,JAM3
IL17RE,NHP2
IGHV1-81,IGHV1-74
GM10384,DPP4
NT5C3,USP11
MN1,CCL9
TBXAS1,RNASE6
CD34,RAMP1
GFI1B,MAGED1
CD34,TEAD2
F2R,NUCB2
PRPS2,SERPINA3F
PLAC8,SLC39A6
IL18BP,APLP2
SP100,SSTR2
IFI27L2A,IFI209
ENG,GATA2
SERPINB1A,CD34
MMRN1,RASA4
TPM4,HAAO
MMRN1,9030619P08RIK
LTB,GPR18
ALDH1A1,GDF3
9030619P08RIK,WLS
MCTP2,PIRB
ENG,BDH2
TNS2,FOXO1
LCK,ARPP21
4833407H14RIK,DOCK10
PPP1R15A,DEF8
WFDC18,ABHD17B
RASA4,9030619P08RIK
F630028O10RIK,CCL9
SDC1,MN1
DNTT,PIRB
RASA4,SDC1
CTSG,F630028O10RIK
TPM4,MKI67
CPNE8,GIMAP4
GMNN,UHRF1
RASA4,C230085N15RIK
DOCK11,MCM5
DOCK10,CD33
ARHGAP15,H2-OB
LY9,TYROBP
PRIM1,MCM7
VAMP5,IL7R
GIMAP1,LTB
LSP1,TTC39B
ARPP21,BLNK
DNTT,SLC18A1
FAM171A1,CCNG2
RUNX1T1,EFNA1
OSGIN1,GIMAP4
EFNA1,GM11346
IFI27,MAGED2
MPO,SATB1
9030619P08RIK,FLT3
HOXA9,SLC44A2
IGKC,FOXO1
FLT3,BC035044
HMGB2,PLPPR3
NEURL3,ITGAL
PARP8,NT5C3
PLAC8,DYNLL1
TRIM47,MCM7
IL7R,IL1R1
PRDM16,MSMO1
PLAC8,DNTT
SLC35D3,CD244A
AFDN,MYO5A
TBXA2R,ZFP62
SSTR2,CCR7
IL17RE,KCTD12
DUSP1,PPP1R15A
UBA7,PPIC
NCF1,SH2D5
XRCC6,APLP2
GM45837,PDE1B
MAML3,BPIFC
DYNLL1,IGKC
TNS2,CDKN1C
BLNK,ARL11
TIE1,CTSS
MMRN1,MAGED2
MMRN1,FLT3
CCL3,PPIC
SSTR2,CD69
TES,NR3C2
NKG7,CD244A
GM11346,GIMAP4
BTLA,GM37124
CRIP1,NHP2
CMAH,ZBTB20
FAM110C,CAV2
PPM1G,GM11346
SATB1,IGHV1-81
TPM4,CD34
CD48,SLC16A11
CISH,GIMAP4
FLT3,ZMIZ1
TFPI,LDHD
SLFN2,RUNX1T1
SIGLECG,SDC1
TOP2A,RAG2
ARPP21,EMP1
AFDN,FLT3
PLAC8,PARP8
CD74,JCHAIN
RASA4,FLT3
AFDN,ROBO4
TGM2,RGS19
MKI67,TUBB4B
MMRN1,BTLA
ROBO4,CTNNAL1
P2RX1,ARID5A
RASA4,ZMIZ1
IFI213,EBI3
SSTR2,ZNRF2
MPO,CST7
NRROS,POLA2
SLC16A10,2610307P16RIK
VAMP5,CRIP1
LTB,CCL9
SLC16A10,IL18BP
TOP2A,TUBB4B
MKI67,HMGB2
FAM110C,IRAK3
CAPG,PTP4A3
CREG1,IRF8
PDZK1IP1,CD52
FLT3,GATA2
RASA4,IGHV1-81
MPO,PRNP
PARVG,CIPC
OTULINL,CFP
NCAPD2,SPC24
IL17RE,FUT7
FLT3,CYFIP2
PAQR5,SLC16A11
TRAF1,GM4951
SERPINA3F,GM4951
H2-OB,PLD4
PLAC8,CRIP1
NRROS,CD44
FDFT1,MSMO1
ABCG3,H2-DMA
DOK2,REL
CD74,KCNK5
PLAC8,PDZK1IP1
TMEM206,CD81
MAMDC2,ITM2A
D630039A03RIK,EFNA1
PLD4,DDX4
MMRN1,SLFN2
SLC22A3,WLS
TUBB4B,ANGPT1
RORA,DYNLL1
RASA4,FADS1
TFPI,NEURL3
IGHV1-81,IGHV1-77
BTG2,GM5111
RRAS,EBI3
FAM110C,ESAM
HMGB2,CTSG
GM5111,CCL9
WFDC2,PTP4A3
HNF4A,CD7
OBSL1,VDR
IL7R,CYFIP2
SIGLECG,ADAM17
SDC1,AC174780.1
NOTCH1,CD33
PLAC8,TBXAS1
SDC1,PPCDC
GATA2,DEF8
SLC26A11,LRRC8C
TOP2A,ZFP367
4833407H14RIK,DNTT
SERPINA3F,MCM5
TUBB4B,KRT18
CCR7,CD7
BPIFC,IGHM
GDF3,HID1
IFI27L2A,ANGPT1
RUNX1T1,GIMAP3
EMP1,GPR18
RBPMS,CD74
MPO,CD48
TMEM246,EMB
MLLT3,MECOM
GFI1B,KIF17
RASA4,DUSP5
IGHV1-81,ZFP62
CDT1,SLBP
PDZK1IP1,CRIP1
RANBP1,PLXNC1
IL17RE,AP1S2
SLFN2,D630039A03RIK
CD74,PLD4
WLS,TEAD2
PIRB,IRAK3
SERPINA3G,SERPINA3F
FHL1,HACD4
MMRN1,ALDH1A1
DNTT,PAFAH2
ANXA2,ELF1
RBPMS,VAMP5
FLT3,PPP1R15A
CD34,SOX18
D630039A03RIK,SOCS2
GIMAP8,FCHO2
FAM110C,PECAM1
SLCO3A1,CD244A
LDHB,PLPPR3
LRRC8C,UBA7
FOXO1,CD52
GPR65,TMEM268
UHRF1,CDT1
SELENOP,IGHV1-77
LTB,CST7
CTSG,RAG2
ITSN1,RASSF2
GUCY1A1,LDHD
PIRB,USP11
CCR7,LGMN
FGD2,FSTL1
IL7R,IFI213
CD74,RNASE6
NOTCH1,JAM3
ARHGAP15,GIMAP4
LDHB,TSC22D3
EEPD1,ROBO4
CYFIP2,PPIC
GBP9,SERPINA3F
CPNE8,BDH2
KCTD12,PARVG
CD74,H2-Q6
GPR65,WLS
FCGRT,APOE
CLIP3,2810468N07RIK
LAX1,IL7R
MKI67,SPC24
CD48,HACD4
RARB,CDK18
PRKCH,ABHD17B
IFI213,GM4951
ARPP21,IGHV1-81
SP100,P2RX1
HID1,GM11346
SLC18A1,CD63-PS
ZMIZ1,GIMAP5
MCM7,CDT1
IL7R,CD34
MMRN1,RUNX1T1
PLAC8,TIPIN
KLF3,TINAGL1
SLC16A10,ZNRF2
IGKC,RGS19
CDT1,ZFP367
H1F0,ZFP422
FLT3,RNF13
WFDC17,NAV1
GFI1B,ALDH1A1
SLFN2,HMGB2
CPNE8,CCL3
MAN1A,PLXNC1
SDC1,FLT3
PARP8,MSMO1
ENG,VAMP5
N4BP3,CSF3R
GBP2,CD63
KLF6,H2-OB
MCM7,GIMAP4
CCL3,LDHD
MKI67,NCAPD2
PRDM16,STK10
GM2A,ITM2A
SLFN2,KLF6
SLC26A11,RHOH
PTGS1,PLD4
IGHM,IGKC
SLFN2,CD34
CD34,NR3C2
BTLA,ITGAL
FUCA2,PAG1
GMNN,CDT1
HID1,FGD5
DUSP1,DUSP6
CDT1,IL1R1
CSGALNACT1,ZFP62
ANXA2,IL7R
FUT8,CDK6
OAS2,IFI213
D630039A03RIK,TNS2
GM20342,CD9
SDC1,KIF17
CSGALNACT1,PTGS1
DUSP1,KLF6
GIMAP8,IRF6
FLNA,AKNA
PLAC8,CD52
ITGAM,SAMSN1
STK17B,SAMSN1
4833407H14RIK,GM4951
CRIP1,RAMP1
IFI213,SH2D5
CSGALNACT1,UPP1
MN1,NFIA
BLNK,PLD4
GIMAP3,GIMAP5
TSC22D3,HDAC7
MECOM,SLC18A2
JCHAIN,IGKC
CPNE8,COL4A1
IGHV1-81,WFDC18
MN1,DEF8
ABHD17B,CLEC12A
PRSS57,LAG3
RORA,CCT2
ERP29,UBASH3A
LTB,SELPLG
SPI1,NFE2
SMPDL3A,NLRC3
SLC26A11,GM4951
GBP9,GM4951
CSGALNACT1,KLHL4
MPO,CLEC12A
CBFB,CLIP3
TPM4,SDC1
PLAC8,CD48
SLFN2,MPO
TRPV2,GIMAP1OS
TFPI,LONP2
DOCK11,ME2
PLPPR3,CMAH
CTSL,CD93
FGD2,UBA7
PPP1R15A,BTG2
FUT7,NUDT19
MMRN1,CSGALNACT1
IGHV1-74,IGHV1-77
MMRN1,DUSP1
RUNX1T1,D630039A03RIK
SSTR2,DNTT
GM4759,DENND2D
TOP2A,HMGB2
CD34,PECAM1
NCEH1,DEF8
IL17RA,PKIB
MPO,CTSG
JCHAIN,IGHM
MPO,PLAC8
VAMP5,SPNS2
OAS2,PTGS1
NAPSA,STXBP1
GUCY1A1,DOK2
GRAMD1A,SPI1
SLFN2,PRNP
CTSG,CD244A
PLXNC1,CTSH
GM11346,IGHV1-77
TES,MAML3
CCT2,YBX1
NEURL3,F11R
TGM2,TEAD2
SERPINB1A,GGT5
GIMAP3,FAM110C
C230085N15RIK,ARPP21
IGHM,CD33
RBPMS,ANXA2
RNF125,TMEM123
IL7R,CMAH
BLNK,NCF1
IL7R,BLNK
PRNP,CISH
PRPS2,MPL
CD55,IRAK3
RUNX1T1,CCL3
HAAO,4833407H14RIK
GFI1B,GATA2
SLC18A1,SLC9A9
TMEM37,ST8SIA4
GATA2,TFR2
PARP8,FUT7
C230085N15RIK,VAV3
FAM171A1,TSPAN3
GGTA1,GIMAP1OS
DEF8,PLXNC1
LCK,LAX1
CYFIP2,PARVG
PLXNA4OS1,PRDM16
ARPP21,DNTT
MPO,CD74
HAAO,MYCN
MKI67,MPO
CCL9,WFDC17
IL7R,AP1S2
SLC18A1,CMAH
TES,RGS2
TFR2,SATB1
DPP4,PKN3
LCK,CHRNB1
PRSS57,VLDLR
FLT3,CD34
NCEH1,GM37124
TBXA2R,SEMA3D
KLF3,CD7
EEPD1,ART4
PLAC8,SERPINB1A
5430427O19RIK,TMEM123
SDC1,ZNRF2
CD74,CTSS
SNAP47,CD93
TES,EEPD1
GM10384,WFDC17
OTULINL,IL1R1
PAQR5,CCDC112
2810468N07RIK,GBP9
ENG,SLC2A3
GP9,RNF125
GM37124,LY9
RASAL3,SLBP
GM10384,IGHV1-82
GIMAP8,TRIM59
TUBB4B,PRIM1
SIGLECG,RCSD1
BPIFC,PIRB
FKBP9,ITM2A
LDHD,RGS19
SERPINA3F,SELL
ENG,PKN3
ABCG2,PLD4
SERPINB1A,CDK6
EEPD1,TMEM246
TFEC,UPP1
EEPD1,TMEM37
FLT3,SERPINB1A
SP100,OAS2
BTLA,IGHV1-81
CCL3,CCL9
SEMA3D,LY9
PLXDC2,ZFP422
JPT1,TMEM206
TOP2A,SPC24
SIGLECG,BLNK
DPP4,CD63
SATB1,IGHM
SLC35D3,PGR
9530082P21RIK,GIMAP4
ARHGEF18,IL12A
MKI67,TOP2A
IGHV1-81,PIRB
CD63,CD63-PS
SPI1,IL17RA
PPP1R15A,GATA2
SATB1,DNTT
VLDLR,PLPPR3
PPCDC,ITPR2
MMRN1,MPO
MMRN1,EFNA1
UBASH3A,GPR18
TNS2,SOX18
IL17RE,ITGB5
IFI213,IFI206
F2R,ABCG2
CFP,NCF1
SLFN2,GM4951
TUBB4B,TBXA2R
EBI3,IL18BP
ITGAL,CST7
PANX1,NAV1
ENG,CD63
9030619P08RIK,PRNP
P2RX1,GP9
TOP2A,UHRF1
TRIM59,CD63-PS
DOK2,LONP2
PARP8,EMP1
TGM2,HACD4
RORA,S100A6
GIMAP3,CDKN1C
TRAF1,CLIP3
MN1,OAS2
TGM2,PAFAH2
TPM4,RBPMS
ROBO4,CYFIP2
SYTL1,RNF38
TOP2A,NCAPD2
FLT3,IL17RA
PPCDC,CTSF
PRNP,WFDC2
ANXA2,DNTT
EFNA1,CLIP3
ADGRL4,SELENOP
PDE1B,CD53
NKG7,SELL
TSC22D3,SELENOP
GIMAP3,MAMDC2
DYNLL1,CDK6
NCAPD2,IFI206
C230085N15RIK,SATB1
MN1,FLT3
BTG2,IFI27L2A
MMRN1,MYLK
SLFN2,9030619P08RIK
PLAC8,IFI27L2A
GBP2,LACTB
CTSG,ATP8B4
GM20342,HNRNPAB
F630028O10RIK,MYO5A
CD74,DENND2D
D630039A03RIK,PPP1R15A
BPIFC,DOK2
RASA4,GPR65
CTR9,TRAF1
RASA4,MN1
SDC1,GGT5
SLC16A10,NCAPD2
IL7R,CLEC12A
SPNS2,FAM171A1
CD244A,TMEM206
TPM4,RASA4
RUNX1T1,TMEM246
MMRN1,TPM4
S100A6,PKIB
KCNK5,TRIM47
PRIM1,GMNN
MMRN1,PLAC8
FLT3,PLAC8
SIGLECG,SERPINB1A
GM37124,TMEM206
