Gene1,Gene2
MYB,SPO11
APOE,CSRP3
PPIL4,HAGH
DNAJC11,VPS33B
WLS,ATL2
ST6GALNAC4,RMND5B
ZFP36,JUN
MPL,GCNT2
GYPA,CLDN13
POLR1B,UHRF1
HACD3,PNO1
GM15915,MXD3
CPT2,PLIN2
HAGH,TCP11L2
CTSC,SDSL
PNO1,SLC16A1
TMEM129,VIM
CAMK1,GT(ROSA)26SOR
SMC2,WARS
PROCR,HACD4
CAR1,GATA1
CLDN13,ERCC8
FOS,SMAD2
CDT1,DEK
CNOT7,NFATC1
BLVRB,SOX18
MECOM,CCNB2
MAPK9,GT(ROSA)26SOR
BUB1B,RFESD
HEBP1,RHAG
CSRP3,IFITM1
NEURL3,ASB8
DNAJC11,RFC4
LRRC8C,AFG3L2
EYA1,TBC1D10C
GNB4,VPS41
PTGS1,MPL
BIRC5,TYMS
SOX18,ALDH1A1
PGR,TOP2A
CAR1,PTGS1
RNASE6,HACD3
GNB4,GM15915
CRNKL1,EMILIN1
RHAG,SMIM1
TMEM176A,TMEM176B
DNAJC11,NDN
FPGS,ELP2
GNPDA1,AFAP1L1
ATP2A3,ATP6V1A
TRIB2,TSPO2
CISH,TBXAS1
CHMP7,SLC25A21
GPR171,SLC25A38
GRAMD1A,TIPIN
HMGB2,KRT18
MYL10,GATA1
CAR1,DHFR
RASAL3,LYZ2
MCM5,WDR5
NDN,XPC
WDR55,NR4A1
CTTN,BLZF1
PRDM4,GSTM1
EBF1,MTFR1
APOE,ESAM
BLVRB,ERMAP
ATP1B2,MFSD2B
PKM,CD34
RNASE6,PKM
GIMAP5,XAB2
LRRC8C,NFKBIA
EYA2,PCP4L1
PTDSS1,GOLT1B
ANXA5,GOSR2
MAGED1,SLA2
RHAG,MYH10
GBP2,PMPCA
ENPP4,GNPDA1
GYPA,RHD
EYA2,HDAC10
CUL4A,GYPA
MYL10,MUC13
MFSD2B,MT2
XPNPEP1,RABIF
FTSJ3,SLC31A1
CDT1,E2F4
AQP1,MEF2C
GATA1,GATM
CTSC,PTGS1
CAST,SLC41A3
HEBP1,APOE
MYCT1,MMRN1
MTHFD1,MCM3
TNFRSF13B,CMPK2
DHFR,CDC6
HCLS1,SMIM1
ALDH1A1,HDGF
KEL,HSPH1
BIRC5,RRM2
CITED4,MT2
RABIF,ZFP467
SLC20A1,MCM2
SLC14A1,SNRPB
PQLC3,ID2
GFM1,DRAM2
ERMAP,SEPT8
PICALM,CUL4A
CENPK,ZBTB43
TNFRSF13B,MOGS
APOE,HSD3B7
CASP3,RFC4
FAM136A,PPOX
DUSP1,KLHL6
MPL,MEIS1
GRAMD1A,GCNT2
RHD,ORC5
MAD2L1,CDCA4
TNFRSF13B,FTSJ3
METAP1,GTF2E1
ACSS1,POGLUT1
ALDH1A1,METTL7A1
HIST1H1C,JUN
MFSD2B,GM15915
SPHK1,SLC43A3
CHUK,INTS13
IFI30,MMUT
STK25,TM7SF3
ARID3B,CELA1
FADS1,ST3GAL5
CDT1,MCM3
SLA2,PLCG2
LSP1,LIMD2
SIGIRR,TFR2
LEPROT,HMBS
CTSC,PML
TMEM176B,ELF4
RCC1,MED16
ETS1,SMIM5
FOS,ALAD
MTHFD1,PHB2
TBXAS1,DDX20
KLF1,GM15915
HDAC2,EMILIN1
SOX18,TNFAIP2
IKZF2,CSRP3
APOE,GPR171
SATB1,GCNT2
PPP2R1B,TLR4
MPL,ZFP275
CAR1,TMEM176A
MYL10,NFIA
HEMGN,MCM4
TCF19,BIRC5
TCF19,IGKC
TXNRD2,EBI3
ERMAP,ABCB4
IKZF2,ZSCAN21
ERMAP,COA5
RHD,SPHK1
ZEB2,PPAT
FZR1,ZZZ3
CAST,AW112010
PHB2,LPCAT3
DENND2D,AW112010
THUMPD3,ARL6IP6
RFC4,GRINA
LONP1,POLD1
MECOM,CRYZL2
CPQ,GMNN
CSRP3,HDAC7
GBP2,CLPX
MMRN1,LZTS1
EGR1,DUSP1
DDX58,FAM234B
CD34,RGS2
GCNT2,SGPP1
RASA3,HEMGN
CDT1,TFRC
EPAS1,MEMO1
NSDHL,AP1G2
ATL2,TSPAN33
TMC6,SPHK1
CAR1,ADGRL4
ESAM,APLP2
CDCA3,MKI67
ADGRL4,KLF1
LMO4,PADI4
MYL10,SEPT8
ZKSCAN6,IFI203
IARS,RRM1
GFI1,TFR2
SGPP1,CDC7
PKM,LYZ2
MPL,RHOF
LONP1,ST6GALNAC4
HMGB2,PROCR
MAU2,SERPINA3G
NEURL3,MAU2
ZFP275,NSDHL
PTDSS1,SLC38A5
DEK,MCM4
KLF1,GATA1
BLVRB,ADGRL4
LDHB,OASL2
MECOM,TEAD2
MYL10,ADGRL4
PHB2,THUMPD3
BAP1,RASAL3
ESAM,ZFP467
IL15,FAM234B
APOE,SDSL
DHFR,WDR4
PKM,FOXO1
RRM2,SLC43A1
TAF12,TOX4
CCNB2,TCF19
SERPINB1A,ZFP467
HCLS1,NFATC1
MEMO1,GT(ROSA)26SOR
METAP1,TSHZ3
EDC3,PFKM
RFC4,ESR1
DHFR,TK1
TARS,VPS16
IRF6,GPR171
NR4A1,SPRYD4
PPARGC1A,VHL
TCF19,ASF1B
ANXA6,MFSD2B
BUB1B,SLC25A45
RASAL3,SNRPB
TES,LSP1
LDHB,IL15
STAP1,MYB
TCF19,CDC6
MSH6,IKZF1
FTSJ3,STOM
KLF1,MT1
TPX2,ZFP143
NFE2L2,MSH6
CISH,MYCN
TCF12,PRELID3B
CDT1,WDHD1
GOLM1,HOXA9
FOXRED1,2210016F16RIK
HDAC2,MYB
LY6A,LTB
ZFP62,POLR1B
PON2,PRELID3B
LRRC8C,CD1D1
PA2G4,ZFP639
CDT1,CDC6
OPTN,GM15915
WDR4,ST6GALNAC4
BLVRB,LEPROT
RNASE6,ERMAP
DENND2D,SLC25A38
IGKC,RABIF
CDT1,AURKB
ZFP275,NEURL3
CISH,ST6GALNAC4
BIRC5,SMC2
SLC16A1,MAPK9
MECOM,PROCR
PHB2,RARS
GTF2H1,FAM234B
APOE,GATA1
VPS16,DOK2
PROCR,MCM6
TOP2A,CCNE1
MFSD2B,SMIM5
AURKB,CDCA3
RAD51AP1,IFITM1
PFKM,POLR3F
FOS,EGR1
PNO1,CMPK2
CAR1,RNASE6
EBF1,IRF5
NUP93,IARS2
PLA2G12A,SLC25A21
UBR7,CPT2
PCP4L1,IRF8
ADGRL4,LDHB
MYB,GRINA
VDR,GSTM5
TYMS,GYPA
CLCN4,PBX1
TOP2A,MEIS1
PGR,FPGS
PPIL4,SPIRE1
LSP1,PPAT
PADI4,ATG12
ETS1,GTF2E1
UBXN2B,TAF12
APOE,MUC13
MIS18BP1,STT3B
KLF1,STEAP3
CPOX,PRPS2
TCF19,CDC45
CAR1,MYL10
UBE2C,TPX2
XRCC6,ORC5
SLC25A21,MMUT
MYCT1,SLC43A3
SLC19A1,FPGS
SDHAF2,MT2
ZFP592,AURKB
APEH,EPDR1
CAR1,MTHFD1
MFSD14B,FECH
MECOM,MYL10
MYL10,EYA2
PTDSS2,GATM
CLDN13,MTFR1
CAR1,OPTN
IFI204,RCC1
HEMGN,SACM1L
TREML2,GYPC
HARS,RORA
MEIS1,ANGPT1
FOS,ZFP36
DHFR,LRRC8C
NR3C2,CD34
CCNB2,TIPIN
GIMAP1,EPAS1
GFI1,IL21R
JUN,EGR1
MYH10,GNB4
ERMAP,LIMD2
EDC3,HSD3B7
HMGB2,RRM1
TK1,POLR3F
TYMS,RNF115
CDT1,POLD1
STEAP3,GTF2H1
GBP2,RNF13
CDT1,MCM4
FADS1,ZZZ3
CENPA,DENND2D
RRM2,TK1
ADGRL4,ZFP655
PGR,ERCC8
LPCAT3,TAF12
MECOM,MNS1
CDC6,PPP2R1B
LDHB,MMRN1
ADGRL4,GIMAP1
RRM2,KLF1
MEMO1,POLR3F
OASL2,RTP4
INPP5B,STAP1
GATM,PACSIN2
CELA1,ZFP639
RARS,ITIH5
APOE,KRT18
GCNT2,RNF4
WDR75,CPT2
ADGRL4,MYCT1
TNFAIP2,VHL
RRM1,CRYZL2
2610035D17RIK,CCNA2
HDAC9,MOGS
MPL,RGS2
ERMAP,PICALM
DHFR,ERMAP
TMEM176A,EYA2
CAR1,BLVRB
DCAF4,SPRYD4
BUB1B,MAD2L1
LYZ2,PWP2
MYL10,PGR
MUC13,ANGPT1
AK3,TIPIN
TUBGCP3,JAK3
DHFR,IFI203
NR4A1,TEAD3
ARID3B,PMPCA
CAR1,NFE2L2
LY6A,GIMAP6
CPOX,CD82
TMC6,RASAL3
DENND2D,MTFR1
DEK,ATP2A3
ERMAP,CCNB2
PQLC3,FOXRED1
LY6A,RBPMS
GFM1,VPS33B
NUP107,ZBTB10
INPP5B,RFESD
MCM3,MCM7
CD34,STT3B
TXNRD2,MAU2
EBF1,REL
CD34,FKBP1A
CCNB2,TAF12
BTAF1,MINPP1
LSP1,PA2G4
CDC6,VPS33B
MECOM,MMRN1
HNF4A,RHOF
HSDL1,FTSJ3
RNF4,CYTH3
FOXRED1,STAP1
ATP1B2,TRIB2
RNASE6,IKZF2
BIRC5,TOP2A
MPL,LSP1
CMPK2,RTP4
MFSD1,GIMAP1
PTDSS1,CCNE1
ERMAP,TFRC
RAB37,CNN2
RCC1,TRIB3
SLA2,CTTN
MMRN1,TBXAS1
RFC4,TYMS
STAT3,HDAC7
MPL,LYZ2
CDC6,CCNE1
WDR4,HCLS1
ALAD,ELMO1
KLF3,BID
ATL2,FASTKD2
SMC2,ESAM
AFG3L2,ALAD
GM8995,TNFAIP2
GBP2,MCM2
LMO4,CASP3
SATB1,SLC14A1
LONP1,EPOR
DDX58,LTB
SATB1,CD34
IFI30,AP1G2
ERMAP,GYPA
MTHFD1,MKI67
PKM,WLS
RTP4,IFI203
PKM,MPL
CAR1,APOE
GATA1,HDAC10
CYB5R3,ZZZ3
HACD3,REL
ATL2,CD55
TFRC,TIPIN
DEK,ATG12
PGR,SLC20A1
LMO4,CSRP3
GIMAP6,POLR2B
PICALM,MT2
TBXAS1,SLC14A1
MCM5,CBX7
MYL10,CCNB2
ZFP62,XPC
WLS,HDGF
TOPORS,EGR1
ETS1,FIGNL1
BTG2,GMNN
FOS,HIST1H1C
ERMAP,TNFAIP2
MFSD2B,SLC38A5
DHFR,RCC1
ERMAP,AFG3L2
MYCT1,LDHB
BIRC5,AURKB
MECOM,STARD10
JUN,GT(ROSA)26SOR
CPOX,RHAG
NUP107,DCAF13
AURKB,MIS18BP1
RAB32,ESAM
LDHB,ELP2
CDT1,MKI67
HACD3,WDR4
C1QTNF12,KLHL6
RFC5,VKORC1L1
SMIM5,CCNA2
MYL10,APOE
RNASE6,FOS
MAPK12,MCM3
BIRC5,BTAF1
ACAA2,CHP1
CDC6,RRM2
ADGRL4,IKZF2
SGPP1,ASF1B
MYCT1,CERS5
PROCR,MFSD2B
SAMD14,PRKAB1
MYL10,IGKC
RUVBL2,MED16
CAR1,MFSD2B
SLC25A21,MT1
SERPINF1,IKZF1
HDGF,DCAF4
LYZ2,2210016F16RIK
BLVRB,DHFR
EYA2,LDHB
CD84,PRKAB1
IRF1,PLCG2
CAST,DCAF4
PHF10,NFATC2
SLC14A1,FECH
PRDM5,RASAL3
SEPT8,MPL
MFSD2B,SLC14A1
PGR,MCM2
GPR171,LIG1
TMEM176A,MMRN1
APOE,GFI1
ESAM,MTFR1
KPNA3,NUDT19
OPTN,RBPMS
GOLT1B,LCP2
CDCA4,SPI1
GPR171,XRCC6
NEURL3,HDAC11
ZEB2,INTS13
ABCB4,CES2G
OASL2,DDX58
NUPR1,SLC16A1
PLCG2,CD1D1
TCF12,GIMAP5
E2F4,HNRNPAB
UTP4,DENND2D
TBXAS1,HDGF
2610035D17RIK,GNPDA1
SOX18,FADS1
HPN,LIG1
POLR1B,FAM234B
PKM,ATP2A3
PNO1,STEAP3
TMC6,CD1D1
MCM3,CDCA8
RNF19A,PDZK1IP1
GATA2,TREML2
APOE,GATA2
PTGS1,STK25
RRM2,CENPK
OASL2,CMPK2
TES,CD34
SATB1,APOE
ERMAP,HEBP1
MYCT1,VKORC1L1
CRNKL1,HMBS
ADGRL4,SATB1
ADGRL4,PKM
PRDM4,CDCA4
OASL2,GBP2
RFC4,IRF8
SPC25,ZFP143
CCDC137,THUMPD3
SATB1,LSP1
MCM4,MCM5
MFSD14B,TNFAIP2
XAB2,PRIM2
TACC3,UBE2C
SMIM1,VPS33B
MTHFD1,UHRF1
TAF12,TMEM97
ZDHHC13,PRELID3B
TMEM176A,MYCT1
MYH10,RHD
RRM2,FADS1
SQOR,CHP1
PTDSS1,TMEM186
BLVRB,AFAP1L1
PTGS1,MFNG
IGKC,FOXO1
MECOM,TMEM176A
ATP1B2,NUDT19
BIRC5,CDCA3
CTSE,ST3GAL5
CENPK,SPC24
SP4,ELP2
ANXA6,HCLS1
UHRF1,MCM5
ERMAP,ATP1B2
WDR4,YOD1
MECOM,CAPN7
DHFR,HACD3
CPT1A,REXO4
GNPDA1,SLC25A21
HMGB2,CTSO
SLC19A1,TMEM109
BLVRB,NFKBIA
CSRP3,SLC14A1
EPOR,SATB1
BLVRB,TMEM176A
GATA1,MFSD2B
SATB1,SERPINB1A
MYL10,TMEM176A
HIST1H1C,NR4A1
TTF1,UBR7
TBC1D10C,ZDHHC6
RABIF,STARD10
CAMK1,ST6GALNAC4
APOE,CD34
E2F4,MPL
BIRC5,TK1
CCNB2,HMGB2
RUVBL2,ANAPC2
SLC18A2,NCOA6
CCNB2,FOS
EYA2,NUP85
RNASE6,HDAC9
TNFAIP2,EBI3
ZFP110,ME2
CAPN7,EMILIN1
CCNE1,RHD
SPC25,NCOA6
ZBTB20,ORC2
BIRC5,UBE2C
PTDSS1,CUL2
HSDL1,STARD10
VPS41,DCAF4
SOX18,MAGED1
SLC14A1,LIMD2
IKZF2,RORA
CAR1,ATP1B2
DHFR,MCM6
ETS1,ZFP275
CAR1,DNAJC11
RHD,STAP1
OTUD6B,ALDH1A1
ORC6,MGST3
GM8995,OASL2
PKM,NFIA
ALKBH8,EGR1
NUP85,WDR73
E2F4,CYB5R3
CDT1,RCC1
CRIP2,TMEM109
BLVRB,RRM2
PICALM,HMBS
PROCR,RNF4
TMEM109,NUP85
CHP1,AFF4
BUB1B,HMGB2
PDZK1IP1,CLPX
PICALM,GNPDA1
DOK2,PRIM2
NARF,MEIS1
MAGED1,PLIN2
DEK,FKBP1A
WDR4,TXNRD2
FTSJ3,PRKAB1
DHFR,TCF19
TEAD2,PEAR1
ERMAP,KLF1
CAR1,PKM
TMEM129,MED16
ZFP275,RNF4
CSTF2,GTF3C3
MAD2L1,MNS1
TUBGCP2,ANXA5
TOPORS,VPS33B
TARS,SLC14A1
KLF1,YBX1
HACD3,ERMAP
MMRN1,PROCR
BIRC5,CCNA2
FOS,CD55
TNFAIP2,COA5
ZDHHC13,WARS
CUL4A,GBP2
MMRN1,GRINA
CAR1,SLC25A21
DENND2D,EBI3
CCNB2,LONP1
CAR1,WDR4
CCNB1,UBE2C
BLVRB,RNF4
CTSC,CCDC137
EYA2,C1QTNF12
MFGE8,ISG20
HMBS,TMEM186
MUC13,ISG20
TARS,RAD51AP1
HARS,FZR1
TPX2,H1F0
KLF1,MFSD2B
MYL10,SERPINA3G
ALDH1A1,ZKSCAN17
CNOT7,MED16
HMGB2,DEK
CDCA4,UROS
CTSC,PLCG2
E2F4,HACD4
TMEM176A,UBAC1
DHFR,CDT1
E2F4,TBXAS1
RGS2,TFR2
MCM6,MUC13
CAR1,KLF1
RRM2,PMPCA
LDHB,TSHZ3
HEBP1,CLDN13
MAPK12,PLCG2
INTS13,ZFP143
REL,GTF2F1
CAR1,STX2
ZFP592,MAVS
TOP2A,AURKB
NSDHL,SPIRE1
IL15,GFI1
MECOM,OASL2
CTSC,PKM
METAP1,TBC1D10C
EMILIN1,UBAC1
RNASE6,YBX1
RELB,IRF8
AFG3L2,USP37
SOX18,MCM6
GBP2,ZFP655
UBXN2B,HSPH1
LCP2,MCM5
MAGED1,PROCR
CCNB2,CDC20
GIMAP6,ORC5
GM8995,PDZK1IP1
MYL10,NCEH1
DENND2D,SERPINF1
APOE,TFRC
ABL1,ELP2
HSDL1,EYA1
MYCN,FZR1
RORA,ATP2A3
RTP4,SLC31A1
ZFP36,DUSP1
STK25,MT1
BUB1B,SMC2
EYA2,XAB2
RHAG,C1QTNF12
CCNE1,CRIP2
PICALM,NSDHL
PTGS1,INPP5B
AURKB,UBE2C
CCNB2,E2F4
PKM,ALAD
HEBP1,SLC25A45
MMRN1,ORC5
ALDH1A1,CLDN13
VPS16,RFC4
PHF10,FTSJ1
MYL10,PADI4
CCNB2,BUB1B
PNO1,MTHFD1
CSRP3,MFSD2B
DNAJC11,ERMAP
MYL10,RUVBL2
CPOX,PKM
CDCA4,ZFP36
TFRC,WDR5
COLGALT1,RFESD
PRPS2,MCM3
HNRNPAB,PPOX
HARS,MSH6
APOE,MFSD2B
ERMAP,ATP13A1
CENPK,NFXL1
BLVRB,MYL10
CD82,PQLC1
OASL2,LY6A
SMC2,TOP2A
PCP4L1,SIGIRR
HDAC2,RABIF
SLC25A21,RHD
ERMAP,LDHB
IGKC,KLF1
CHUK,GATA2
APOE,TNFAIP2
TMEM176A,PKM
APOE,ZBTB20
FOS,PRIM1
MYL10,CD82
TIPIN,GMNN
MSH6,PPAT
DEK,RRM1
MECOM,SLC18A2
LDHB,HACD4
CYTH3,ABCB8
LONP1,SGPP1
CAR1,GM15915
PRPF4,MAPKAPK3
CD82,TMEM109
RAB32,FADS1
TFRC,MTFR1
LRRC8C,ERMAP
ERMAP,RHAG
ALAD,PLA2G12A
SLC43A1,ZFP871
ETS1,CISH
CAR1,LRRC8C
MPL,GNG11
TOP2A,ELF4
MSH6,TAF1
PTGS1,TM7SF3
BIRC5,VKORC1L1
HMGB2,SLA2
AURKB,ELMO1
BAP1,APLP2
MECOM,LRRC8C
WDR4,LRRC8C
TRIB2,LSP1
CPOX,RHD
ZFP36,PBX1
ELF4,POLE3
MFNG,ELP3
CCNB2,APOE
INPP5B,AW112010
MFSD14B,DEK
MPL,FIGNL1
MECOM,LDHB
MFGE8,PPAT
ADGRL4,TNFRSF13B
CDT1,TCF19
NEURL3,HNF4A
RNASE6,RASAL3
PROCR,IRF6
LRRC8C,CTPS
HMGB2,APOE
WDR4,TCF12
MECOM,SOX18
JUN,PRIM1
KEL,SPO11
HMGB2,BIRC5
RRM2,CCNA2
RRM1,MCM2
MAVS,RB1
PPP2R1B,MKI67
CAR1,NDE1
CHUK,TSHZ3
ABCB4,NFE2
APLP2,IL21R
RRM2,PWP1
AHR,RAI14
GATM,KLHL6
MYL10,LDHB
IGKC,DUSP2
ERMAP,WDR55
PCP4L1,ZFP36
PQLC1,RFC4
SDHAF2,STOM
GPR171,IRF5
HACD3,IKZF2
HMGB2,CENPK
PPARGC1A,IRF5
MYCN,MTHFD1
CAR1,SOX6
CDC20,CCNA2
SLC41A3,ELMO1
RRM2,RAD51AP1
BUB1B,BIRC5
AURKB,SPC25
CAR1,ERMAP
SLC16A1,SLC19A1
CDT1,ORC6
SOX18,DECR1
GCNT2,PADI4
TMEM176A,GM8995
PLAG1,ATP13A1
PRDM4,COLGALT1
E2F4,PNO1
WDR4,ERMAP
SOX18,PICALM
NUDT9,RAI14
EPOR,ARID3B
GOSR2,FKBP1A
GIMAP1,GIMAP6
MTAP,MT2
CSRP3,ATP1B2
METAP1,ITIH5
TNFRSF13B,ANXA1
MYCT1,MPL
GRAMD1A,GLIS2
TXNRD2,UBE2G2
CAR1,TRIB2
MMRN1,APOE
CDC6,CASP3
CDT1,PWP1
MCM4,NUP85
TYMS,GTF2E1
MAD2L1,PSMF1
RANGAP1,PRMT7
CHMP7,POLE3
STAT3,CD34
TMEM109,PGLYRP2
PPARGC1A,THRB
ZFP36,TOP2A
TFRC,RHAG
ERMAP,KEL
WDR4,RANGAP1
CD34,GPR171
TEAD2,INPP5B
RORA,TEAD2
ENPP4,DOK2
CPQ,ITIH5
HDGF,MYNN
MCM3,GFI1B
PRDM4,PRPF4
RHAG,RHD
NRF1,USP10
CNOT7,ATP2A3
RHAG,SLC38A5
DHFR,TYMS
MECOM,MYCT1
CCNB2,HIST1H1C
KPNA3,EDC3
FOXO1,LPCAT3
ERMAP,EPOR
PLA2G12A,UHRF1
RELB,MCM3
IL15,NUP85
CCNB2,TPX2
GOSR2,TRMT11
TLR4,MCM3
CCNB2,PHF10
NR3C2,MAPK12
EBI3,ZBTB20
2610035D17RIK,LSP1
CD84,ERMAP
STT3B,PMPCA
SATB1,GNG11
MT2,SPHK1
ERMAP,TSPO2
RTP4,LTB
UBXN2B,GFI1
RNASE6,KLF1
CD34,TMEM176B
GM8995,ADGRL4
KLF1,CUL2
RHAG,MT2
PSEN2,PRIM1
RHD,SLC38A5
LEPROT,GNB4
ERMAP,C1QTNF12
OPTN,SLC19A1
CDC6,CDC45
CD84,AW112010
CSTF2,EBF1
TARS,PRMT7
DHFR,KLHL22
CCNB2,HEBP1
APOE,KLF1
ADGRL4,RNF4
MAD2L1,CDC45
MTHFD1,IFI203
SPC25,CCNA2
IGKC,VKORC1L1
WDR4,TEAD3
TYMS,PSEN2
DEK,NDN
MECOM,KRT18
PQLC3,ITIH5
ACAA2,FPGS
GRAMD1A,ZKSCAN6
CDCA4,PTDSS2
OASL2,GFI1B
APOE,ASAH1
PPARGC1A,CDC45
MFNG,CRYZL2
SLA2,RNF4
AHCTF1,RABIF
TOP2A,SPC25
TMEM176A,ERMAP
LEPROT,ATG12
CPT1A,HSPH1
EBF1,ST3GAL5
ERMAP,CPOX
NR3C2,PFKM
JUN,EBI3
DHFR,RRM2
LEPROT,TLR4
CD82,VIM
BLVRB,EPOR
RNASE6,ARAP1
CASP3,CSRP3
ZZZ3,EMILIN2
MAPKAPK3,ELP2
GSKIP,PPIC
CDCA4,SLC19A1
EBI3,RASSF5
HDAC7,ZEB2
NGLY1,GTF2H1
MMRN1,NDN
APOE,OPTN
CCNB2,POLD1
RORA,LCP2
NUPR1,PPP2R1B
SMARCA2,EBI3
FTSJ1,MRPL37
GCNT2,FIGNL1
OPTN,KLF1
ERMAP,CDCA4
CTSC,AHR
PPARGC1A,SNRPB
IRF8,SPRYD4
ERMAP,IFITM1
SLC19A1,PLCG2
TARS,HERC4
DHFR,POLD1
CERS5,SMARCA2
PLAG1,IRF5
ORC6,CAPN7
KLF1,RHAG
ALDH1A1,UCKL1
LDHB,PROCR
CD82,APOE
ANXA1,ATG12
CCNB2,CDCA3
POLR1B,CDC7
LZTS1,RORA
C1QTNF12,TRIB2
AHCTF1,GSTM5
PWP1,PPAT
APOE,SLC18A2
RHAG,CRIP2
RRM2,TYMS
RFC4,TK1
SQOR,RAB37
GM8995,SATB1
ADGRL4,MTFR1
ATL2,PRKAB1
DEK,POLD1
RTP4,RASAL3
MYCN,DOK2
WDR55,DENND2D
GM8995,DENND2D
CAR1,IKZF2
TNFRSF13B,WLS
TOP2A,MIS18BP1
MPL,ESAM
CDT1,UBR7
POGLUT1,GLIPR2
ALKBH8,CAST
TEAD2,SQOR
EPOR,KLF1
PLIN2,GDF3
RCC1,XPNPEP1
TEAD2,CD34
WDR4,IKZF2
BTG2,RGS2
EYA2,POLR2B
RAD51AP1,CCNE1
EPOR,STX2
SLC31A1,ZBTB43
MXD3,MIS18BP1
NR3C2,FECH
SMC2,ZFP36
PRIM1,PITPNB
TCF19,TYMS
TFRC,ASF1B
FOXO1,SPC25
ERMAP,PKM
LPCAT3,KLHL6
BUB1B,CDCA3
LZTS1,HPN
DHFR,HMGB2
GM8995,TES
HNRNPAB,PHB2
POLD1,RFC5
PKM,ANGPT1
CPT1A,CPT2
KRT18,WLS
EYA2,CPT1A
BLVRB,MCM5
GCNT2,CENPK
STX2,ATP2A3
CCNE1,SAMD14
CAR1,HACD3
CHMP7,HCLS1
AFG3L2,E2F4
ERMAP,SLC25A21
HNRNPAB,YBX1
PQLC1,CD34
GFM1,ABCB8
EPOR,MTHFD1
APOE,RHAG
CD34,SERPINB1A
ETS1,ZEB2
KLF1,GNB4
GYPA,MIS18BP1
LMO4,SLC14A1
CDT1,RFC4
ETS1,EBF1
LPCAT3,H1F0
NR3C2,TES
CEPT1,TREML2
GYPA,RFESD
PROCR,GBP2
EYA2,ATG4B
HARS,UBAC1
SQOR,SPC25
ADGRL4,CD34
HDAC2,CAMK1
BLVRB,DNAJC11
CDC6,SMC2
CSRP3,PRIM1
CDC45,C1QTNF12
LRRC8C,CDT1
ADGRL4,PCP4L1
SCFD1,PA2G4
ETS1,PLCG2
ANGPT1,PPOX
UHRF1,FKBP1A
KLF1,UHRF1
STX2,SNAPC3
CCNB2,CENPA
CHP1,SLC20A1
IFI203,ZBTB43
ZSCAN21,PPOX
ALAD,GYPC
TMEM176A,ADGRL4
ERMAP,SLC38A5
PCP4L1,ASB8
RAB37,PRKAB1
WDR4,TARS
DCP1A,CKAP2L
LY6A,EPAS1
MAD2L1,DUSP1
TCF19,RRM2
HERC4,GYPC
CASP3,RHD
HCLS1,MUC13
IL21R,MFNG
SGPP1,MT2
BIRC5,RAD51AP1
MFSD14B,MED16
CDT1,RRM2
FZR1,CLPX
FOS,DUSP1
FOS,BTG2
MAGED1,IRF8
CERS5,RASA3
DHFR,SMC2
LDHB,TMC6
PLXNC1,MFSD2B
NUP93,GIMAP5
GBP2,IFI203
CDC6,SPC25
AFG3L2,PTDSS1
SQOR,MUC13
GOLT1B,MAPK1
ATP1B2,MNS1
GM8995,CELA1
RHAG,CCNE1
PNO1,MINPP1
CAR1,RHD
CCNB2,MKI67
IKZF2,LMO4
EBF1,CCNE1
LCP2,NUDT19
CD82,HEBP1
NFIA,ORC5
VWA5A,TGM2
SMARCA2,SIGIRR
MIS18BP1,UBE2C
ALDH18A1,GIMAP5
CISH,CLN5
SLC14A1,PHB2
RRM2,CCNB1
DNAJC11,CCNB2
MYCT1,RBPMS
NUP93,GTF2H1
TMEM129,ORC5
APOE,PLXNC1
GATA1,MCM4
CTSO,PA2G4
WDR4,CDT1
CAR1,CES2G
COLGALT1,BAP1
MAGED1,PADI4
BIRC5,MAD2L1
RFC4,FIGNL1
RAD51AP1,TK1
MAD2L1,FIGNL1
PKM,NXPE2
EPOR,MMRN1
TYMS,RFC5
EDC3,GFI1
RORA,YBX1
CDC20,CCNB1
SOX18,CHP1
HCLS1,STEAP3
XRCC6,BTG2
TEAD2,FOXO1
DHFR,BUB1B
PROCR,MPL
NFIA,SPHK1
REL,LCP2
CD82,HOXA9
JUN,DUSP1
SLC14A1,MYB
MYL10,CREB5
KLF1,CSRP3
POLD1,MCM6
AFF4,SPPL2B
LRRC8C,GTF2H1
CYTH3,PBK
ADGRL4,APOE
FTSJ1,TEAD3
TCF19,TK1
STX2,TRIM47
SGPP1,ERCC8
COLGALT1,ZBTB10
UBR7,GRINA
ADGRL4,GCNT2
TNFAIP2,TFR2
LRRC8C,CCNB2
EPAS1,CBX7
GBP2,SMAD2
EBF1,DUS1L
TM7SF3,NAPSA
GTF2F1,GM28875
PCP4L1,ORC6
NUPR1,ASB8
ZDHHC13,PRIM2
NUP107,CTPS
MYL10,GM8995
CELA1,SPI1
PTGS1,NFATC2
CERS5,UROS
TFRC,ZDHHC13
TCF12,CTR9
CDT1,MCM6
KRT18,CPT1A
MAGED1,PPIC
PMPCA,MCM5
OPTN,PLXNC1
GATA2,GT(ROSA)26SOR
ERMAP,ALKBH8
TXNRD2,HDAC9
MYL10,MPL
LDHB,GCNT2
IKZF1,GMPR
TSHZ3,CCDC137
GM15915,APLP2
HACD4,NFATC1
IKZF2,MMRN1
MSH6,ATAD1
GM8995,BYSL
SOX18,CD34
RRM2,SAMD14
ADGRL4,SERPINB1A
MT1,MT2
FOS,JUN
FBXW5,TM7SF3
CCNB2,BIRC5
CERS5,ST3GAL5
MMRN1,IRF6
FBXW5,GFI1
DHFR,MFSD1
CD84,CES2G
RASAL3,RGS2
SGPP1,BYSL
MECOM,CAR1
ADGRL4,EPOR
RORA,NR4A1
CPOX,LONP1
HSPH1,AW112010
PLXNC1,IARS
