Gene1,Gene2
SERPINA3G,FAM91A1
PSTPIP1,CYP4V3
IRF7,IFI44
TRIM35,FUCA2
FRRS1,APOE
CTSG,RAB44
CCL4,DUSP1
CNIH1,ITIH5
SDF2L1,SLC35B4
MCM7,MCM2
AGPS,PCMTD1
CYB5R1,SH2D5
NDE1,NCEH1
METTL27,TFR2
FLT3,LY6A
GCNT2,TOPORS
IGKC,SLCO3A1
TK1,E2F8
TOP2A,FEM1B
ANXA5,PHF10
SHISA8,TOP3B
CBFB,RRM1
SERPINA3G,APOE
ATP6AP1,CST7
TMEM173,RORA
FDFT1,MSMO1
FEM1B,ELP2
SERPINA3G,SERPINB9
DNAJC5,MGAT5
JUN,EGR1
PRIM1,GIMAP5
HP,CD74
PECAM1,PHF11B
IRGM2,RMND5A
ST8SIA4,IL12A
IGHM,BCL2
NFKBIA,FOXRED1
RRM2,TOP2A
CSF2RB,CD53
PLAC8,PDZK1IP1
CSRP3,ZBTB16
SAMD9L,INPP5B
TIMM29,SDF2L1
CLEC12A,NCLN
RELB,PLD3
RRM2,MEIS1
CTSO,HK3
PLPPR3,NFKBIA
PBX1,SESN1
UNC93B1,ACOX1
SOX18,NR3C2
IGHM,EBF1
UBA7,SHMT1
TUBGCP3,CD53
ESAM,APOE
HMGB2,CCNB2
DEK,SSH3
CNRIP1,MSMO1
MYL10,MYC
TLE2,INO80D
HP,MEIS1
HDC,MS4A3
FAM136A,PRPS2
TCF19,MXD3
SNX30,SCARB1
PRPS2,RAB31
EPSTI1,DNAJC5
IGHM,TPM4
HP,LY6C2
PECAM1,GRIA3
CD74,DENND2D
PDZK1IP1,PRELID3B
AP3S1,RNF4
MPO,NKG7
CCDC137,ZFP945
AURKB,PBK
MS4A6C,HK3
FIGNL1,IPO9
MYB,TGM2
FLT3,SLC18A2
LY6A,EPSTI1
RRM2,PECAM1
TOP2A,PBK
CNRIP1,ARL6IP6
PHF10,TMEM97
MYO1F,RGS2
AKAP8L,POLR1B
TMX3,PHF11B
CCNB2,CD9
IGSF6,MEIS1
OASL2,IRF7
CNRIP1,MYCN
TLE2,CHORDC1
PLPPR3,PLAC8
NKG7,RCC1
1700017B05RIK,IRF6
LIG1,MAGED1
TMEM173,PSEN1
GSR,GMIP
RAB31,SERPINB1A
FLT3,IGKC
JUN,PPP1R15A
MYL10,MEIS1
CSRP3,APOE
ANXA2,RASSF4
PIM2,MYCT1
NFKBIA,LDHB
CISH,PLAC8
HDC,TPM4
YBX1,RANBP3
H2-AA,ALDH9A1
ZFP36,EGR1
FLT3,CNRIP1
MCM3,CDT1
RANGAP1,NFATC2
SALL2,MSMO1
IGHM,MPL
SNX30,ADGRG3
RFC5,TRIM59
ME2,SLC35B4
METTL7A1,NFATC2
TXNDC11,SATB1
CCNB2,CDCA8
LMO4,CD52
MECOM,TEAD2
GSR,STXBP4
MAGED2,ZFP945
FTSJ3,BID
GMNN,UNC93B1
CTLA2A,CTLA2B
PAK1,MS4A6C
TRPS1,ME2
PGLYRP2,TUBGCP2
IGHM,MYCT1
CNRIP1,KRT18
TMX3,GRIA3
GMNN,OTUD6B
PA2G4,SERPINB1A
HP,PLPPR3
MCM3,MCM2
PHB2,CYP4V3
GMNN,IL12A
JUN,DHRS3
RB1,MCM5
GIMAP1,MAP4K2
PLAC8,MMRN1
ELANE,SLC19A1
MYCT1,ESAM
PIM2,ITSN1
TBC1D10C,CD52
CYP2J6,FRRS1
HDC,CERK
FIGNL1,METTL7A1
TRPC6,CD74
MCM7,MCM3
OSBPL1A,SDF2L1
PLAC8,MPO
HDC,EPB41L4B
RTP4,SAMD9L
PBK,PCLAF
HLF,ABCB8
TRIM35,TSC22D3
PLAA,MYB
BTAF1,RPRD1B
CD74,PLAC8
ARID5A,FAR1
VDR,RUNX1T1
CCL9,MTMR6
ST8SIA4,SNX30
FLT3,MS4A3
MYL10,MPO
HDAC2,ANXA3
PRIM1,TIPIN
TOP2A,AURKB
CNRIP1,GFI1B
FAM136A,RRM1
GANAB,VPS16
ATP6AP1,TPM4
GBP3,PECAM1
UTP4,TRPS1
IL27RA,RPS6KA3
ARID5A,CDC7
ESAM,MPL
IGSF6,MS4A3
RRM2,EMID1
RRM2,CDC6
EIF1AD,PRPS2
FTSJ3,PIM2
FLT3,SHISA8
APOE,CD9
GFI1B,IRF7
MYL10,FDFT1
MYL10,G6PDX
SAMD9L,SLC28A2
MYCT1,LY6C2
AURKB,TACC3
CCNB2,MKI67
MYL10,CREB5
MCM7,RRM1
OSBPL1A,NFIA
CD300A,SH2D5
PUS7,OTUD6B
GFI1B,MAGED1
TPM4,GPR160
MPO,TM6SF1
BCL2,ZFP367
HDC,CSRP3
TRPC6,METTL27
CDCA4,SPO11
PRODH,CASP4
HDC,CST7
FAM76B,CD300A
NFATC2,MAGED1
RCC1,MOB3C
CLEC12A,POLE3
SLC18A2,ZBTB20
ZNRF2,NFATC2
SLC18A2,CSRP3
TRPC6,BATF2
PLEK,XPC
PRKCH,SNX30
CTLA2B,IL27RA
STAT2,ANXA3
IGKC,TPM4
TK1,TCF19
PLIN3,TXNDC11
H2-OB,TRIB3
PSTPIP1,PTTG1IP
PSTPIP1,GOLT1B
FDFT1,PLD3
RTP4,IRF9
EYA2,ISYNA1
SHISA8,NCAPD2
ALDH9A1,SSH3
TK1,PCLAF
CISH,CYBC1
IGHM,PARP8
ATP6AP1,SALL2
LZTS1,PRELID3B
MEIS1,TPM4
CD74,TCF19
CCNB2,PTGR1
TBXAS1,PBX1
MCM3,TNIP3
HELLS,GM4759
APBB1,NR3C2
ZEB2,MGAT5
WDR4,UBE2L6
MYCN,XAF1
CTR9,ZBTB38
ITIH5,IL12A
MTFR1,CTSO
SLC28A2,SPI1
EMILIN1,VDR
TMEM173,EMID1
GCNT2,NFIA
NFKBIA,ME2
STARD7,UMPS
MPO,CTSG
CSRP3,SLCO3A1
ELANE,LY6C2
ANXA2,IDH1
HDAC11,INTS13
MILR1,TRPS1
TIPIN,MCM3
ZFP367,TCF19
GMNN,MCM2
MIS12,GIMAP5
MS4A3,FCGR3
ZEB2,ST6GALNAC4
RRM2,MKI67
CASP4,PHF10
REXO4,BC005561
FLNB,IDH1
IGKC,CD48
LONP1,ZDHHC6
HDC,PLAC8
RB1,FGFR1OP
CLEC12A,RGCC
MCM7,SEH1L
JUN,MEIS1
METTL27,FUCA2
PUS7,PA2G4
MCM7,PRIM1
HP,CSRP3
RANBP3,NR3C2
PLAC8,MYCT1
HK3,FCGR2B
PARP8,CASP12
1700017B05RIK,GBP7
CISH,EPAS1
MTREX,GRK3
CNIH1,NR3C2
MYL10,BACE1
IGHM,FLT3
SLC18A2,APOE
RARS,ITIH5
ZDHHC13,GT(ROSA)26SOR
HP,ELANE
GMNN,CDC7
MICU1,GRK3
DHRS3,MYCN
PLAC8,SPNS3
CD74,IRGM2
ELANE,MPO
ABCG2,RPA1
RTP4,IIGP1
ESAM,SERPINB9
IGHM,HDC
MKI67,JARID2
HMGB2,TOP2A
CAD,APOE
TES,EBF1
TXNDC11,GBP7
MLLT3,INPP5B
GFI1B,APOE
PLPPR3,PSTPIP1
CISH,GIMAP1
MS4A3,LY6C2
MIS18BP1,CCNB2
HP,RRM2
MECOM,TXNDC11
JUN,DUSP1
RRM2,FAM136A
TOR3A,IARS
CSRP3,SDF2L1
MPO,ADGRG3
MIS18BP1,TOP2A
MARS,ABHD17B
MEIS1,FAR1
ELMO2,SLA2
PBX1,HEXA
IGHM,SATB1
ELANE,MS4A3
FLT3,ARID5A
EIF1AD,MYO1G
ZFP367,MCM2
TPM4,MS4A3
IIGP1,TGTP2
CSF2RB,GMCL1
TMEM206,TARS
TPM4,PLEK
HACD4,ERCC8
DDX58,GBP7
ACAA2,APLP2
TSPAN14,DNAJC10
MYCT1,MPL
RMND5A,IRF9
BTK,CPA3
CD9,MCM4
DNAJC5,SPO11
UHRF1,LIG1
GFI1B,ST8SIA4
NKG7,ABCG2
RARS,PA2G4
RRM2,HMGB2
RTP4,IRGM2
TNIP3,GNG11
EML4,ACAA2
MAPK12,MCM3
MCM7,GOLPH3
HDAC2,GRIA3
MARS,NUP107
OASL2,SPNS2
FLT3,PLAC8
HMGB2,PLAC8
MYCT1,ANXA1
CISH,GOLPH3
ANXA5,COQ8A
CSRP3,SERPINA3G
CYB5R1,ZFP945
SDF2L1,MCM2
TBC1D9B,IPO9
IRGM2,IIGP1
ANXA2,EPB41L4B
MKI67,PCLAF
CD74,H2-AA
HDC,IGSF6
PLEK,PLXNC1
HDAC7,LTB
EPAS1,CDT1
TRPC6,HP
PLAA,RARB
ARHGEF18,DUSP1
DENND2D,MEIS1
MAGED1,SOX18
RTP4,TRIM35
TIPIN,UMPS
PARP8,MYO1F
PA2G4,CD53
FCGR2B,GPR160
OASL2,ZBTB20
GTF2F1,EBI3
FLT3,HMGB2
MYL10,PLAC8
IGKC,APOE
PLPPR3,STT3B
PLAC8,TBXAS1
SDF2L1,MSH6
CCL4,FOXRED1
TCN2,ME2
TUBGCP3,TCF19
MYL10,TNIP3
TCN2,GTF2H1
MIS18BP1,HMGB2
TIMM29,HACD3
ATP6AP1,MAPKAPK3
PLPPR3,FLT3
TM6SF1,BC005561
ZFP36,DUSP1
NUPR1,ATAD1
CTSF,LONP2
XRCC3,TRP53I11
CDC6,EMID1
RRM2,HDC
LONP1,GTF2H1
H2-AA,XPNPEP1
DLST,DCAF13
GANAB,RPA1
1700017B05RIK,SMPDL3A
MCM2,CDT1
MAPKAPK3,RGS2
CBFB,MAGED2
LYN,MTREX
CTSO,CNRIP1
ANXA2,CD300A
MAGED2,RGS2
GSR,PRIM2
MPL,OSBPL1A
FAM76B,SALL2
YBX1,CYP4V3
EML4,CAD
UBE2L6,IRF7
MEIS1,HMGB2
DENND1C,MYO5A
NDN,TARS
PFKP,SESN1
ANXA5,NFE2
PANX1,TMEM206
LY6C2,CLEC12A
MIS18BP1,HDAC7
CREB5,EMCN
HP,HDC
MTFR1,ARL11
DENND1C,PLD3
MPO,CCL9
HP,CASP1
PFKP,ADSSL1
CLPTM1L,PCMTD2
MCM6,MUC13
TBC1D10C,MTMR6
RRM2,TK1
PLAC8,DENND1C
OTUD6B,TM7SF3
TPM4,MYCT1
PRIM2,FCGR2B
NKG7,ZFP36
FAM136A,PUS7
TRPC6,RRM2
RTP4,XAF1
FLT3,HDC
PLAC8,SHISA8
RRM2,FGFR1OP
RAB44,RFC4
MILR1,ZFP367
SETD2,ARHGEF39
MCM7,LIG1
JUN,GTF2H1
CSF2RB,MCM2
MCM3,NUPR1
PPP1R15A,GMIP
CCL9,CTSL
GMIP,GPR65
ABL1,PHF11B
MAPKAPK3,SLC44A2
KRT18,RPA2
PRPS2,NKG7
CAD,MCM2
EGR1,DUSP1
SLC18A2,TRIM35
TK1,ZFP367
CENPK,S100A6
MTFR1,IRF9
MYB,CDT1
PLIN3,CSRP3
MPO,LY6A
HDC,ELANE
HP,IGSF6
TSPAN14,DUSP1
PRKCH,TES
CD74,FLT3
CNRIP1,TNFRSF21
SALL2,ARHGEF18
GOLPH3,TCF19
CISH,MYCN
TCF19,CDT1
RTP4,PIM2
SERPINB1A,RHOF
IRF6,CNIH1
TK1,RRM1
RRM2,MIS18BP1
TRPC6,PLAC8
FAM136A,CDCA8
BCL2,DHRS3
INO80D,AKNA
HDAC2,SERPINB9
IGHM,PSAT1
FIGNL1,CYP4V3
MIS18BP1,TK1
KRT18,SPNS2
TACC3,USP37
PLAC8,MECOM
RRM2,FTSJ3
ANXA2,PLAC8
RELB,NCAPD2
SERPINA3G,ZDHHC13
KLF6,MTMR6
LAPTM4B,PHF11B
IGHM,DUS1L
NUP107,CDC6
TMX3,RPP40
GMFB,PANX1
CERK,PRSS57
MPO,SPNS3
ANXA5,TUBGCP2
CCDC137,TARS
FAM76B,RFC4
ELANE,KCTD12
ARID5A,MLKL
CSRP3,E2F8
HP,SLC19A1
HDC,MYL10
JUN,MKI67
MYCT1,RPS6KA5
MAPKAPK3,EBF1
AP3S1,GBP7
E2F8,EBF1
SERPINA3G,LY6C2
MAPK12,ANXA3
FLT3,ANXA2
PIM2,PLD3
CD74,IIGP1
CAD,PHF10
TNIP3,PECAM1
BACE1,MRPL37
ESAM,NUPR1
CTLA2A,NFE2
RELB,PFKP
CENPK,AFAP1L1
PLAC8,MPL
RRM1,FIGNL1
SERPINA3G,USP10
UTP4,TBC1D5
ZFP36,KLF6
E2F8,TCF19
HACD3,MFSD1
IGHM,NKG7
HMGB2,CCL4
ALDH9A1,CSGALNACT2
PLPPR3,GBP2
MCM7,YBX1
RRM2,MCM7
CNRIP1,GTF2F1
CUL3,GNS
MEIS1,MPL
FTSJ3,PUS7
IRF6,XAF1
TRIM59,KAT7
NEURL3,KRT18
CTSG,CCL9
LY6A,RORC
IGKC,ANXA1
PLAG1,EYA2
OSBPL1A,DEK
ELANE,PLAC8
MECOM,SPNS2
CDC6,RFC4
TBC1D10C,REXO4
CSF2RB,PARP8
GFI1B,ARL11
SLC19A1,IRF6
TCF19,CDC7
GFI1B,SCARB1
GLB1,VPS16
UNC93B1,ZFP945
PLEK,DCAF13
HMGB2,MKI67
MEIS1,SALL2
GFI1B,NADK
TOP2A,CD300A
GLB1,TRP53I11
H1F0,DUS1L
HNRNPAB,PHB2
ARL8B,CASP12
TRPC6,HDC
HMGB2,MCM7
TOP2A,MKI67
MCM2,SERPINB9
MIS18BP1,MKI67
RRM2,MYL10
MIS18BP1,LMO4
CDCA4,ZFP36
BC035044,CD48
LAPTM4B,ITM2A
FEM1B,BC005561
HDC,FLNB
MPL,PDZK1IP1
MAPKAPK3,MPL
TIPIN,CYP2J9
CISH,ESAM
SLA,ZFP35
NAP1L3,CYP2J6
EGR1,KLF6
MCM2,TGM2
RRM2,PRPS2
NEURL3,PADI4
LY6C2,TYROBP
MIS18BP1,ELANE
IGSF6,ELANE
AKAP8L,RFC5
YBX1,TIPIN
TRMT11,RPP40
JUN,ZFP36
MAPKAPK3,CASP12
FCER1G,EBF1
CASP1,CERK
CNIH1,GIMAP5
MTFR1,REXO4
MYL10,RTP4
YBX1,HNRNPAB
RRM2,PSAT1
CD74,LY6A
IRF9,TARS
ANXA2,SNAP23
MIS18BP1,CKAP5
CPA3,LMO4
FLT3,MYL10
FAR1,NOP2
PLAC8,CHORDC1
MKI67,AURKB
XRCC6,FGL2
FLT3,PRPS2
CERK,ZDHHC6
AHCYL1,VSIR
GCNT2,XPNPEP1
CERK,PRIM2
SLCO3A1,DNM1L
XAF1,FCGR2B
OASL2,IRGM2
HMGB2,HACD4
PAK1,ORC2
HACD4,FRRS1
ELANE,PUS7
ITIH5,TYROBP
FLT3,CTLA2A
CSRP3,CD52
HDC,CPA3
NDN,MMRN1
LY6A,ACOX1
RANGAP1,RUVBL2
MPL,HACD4
TK1,TOP2A
SALL2,SHISA8
APOE,CD53
DENND1C,HACD4
MIS18BP1,PARP8
PRIM1,GMNN
OASL2,DDX58
CD74,RASA4
MPL,CTLA2A
MCM7,TIPIN
CASP1,CYB5R1
IGHM,MAPK1
PLAC8,CSF2RB
IGKC,PSAT1
ESAM,ST8SIA4
MIS18BP1,MXD3
OSBPL1A,TESPA1
MYL10,CTLA2B
MPO,EMILIN1
SLC18A2,GUSB
RTP4,OASL2
TOP2A,ZFP36
GMNN,UHRF1
IGKC,RPP40
H1F0,DCAF13
GFI1B,CCDC50
RTP4,LY6A
RRM2,GRK3
FAM136A,DPP8
FLT3,SERPINB1A
CD48,USP11
MYL10,CTLA2A
PRODH,ACOX1
IGHM,SLCO3A1
PLPPR3,MPO
MCM7,SLC44A2
MEIS1,TMEM229B
PLAC8,SERPINB1A
PRIM1,SDF2L1
UMPS,POR
FTSJ3,COPB1
MYL10,SERPINB9
LY6A,APOE
TIPIN,GMNN
PLAC8,TGM2
MTFR1,H2-AA
EIF1AD,TBC1D9B
HP,FLT3
TMEM229B,IL27RA
ZBTB16,PANX1
SHISA8,CCL9
PLAC8,SERPINA3G
TRPC6,EPAS1
IGKC,NKG7
RASSF4,HK3
NOP2,NCLN
CHORDC1,MAPK1
PFKP,MIS12
HDAC7,MICU1
PLAC8,NKG7
CENPK,TRP53I11
MFSD1,PSEN1
CDT1,SCARB1
PARP8,TIPIN
RRM2,RRM1
PLAC8,FCER1G
ATP8B4,PANX1
USP11,IRF8
RARS,FIGNL1
ABHD17B,PANX1
ARL11,MXD3
CD74,IGKC
RASSF4,SLCO3A1
JUN,KLF6
NDE1,CFP
CPA3,PCMTD2
ORC2,ZFP945
PANX1,ERLIN1
MPL,TSPAN14
YBX1,RORA
FTSJ3,FAM136A
NDN,DEK
PRIM1,GPR65
RRM2,EIF1AD
IGHM,CD74
ZEB2,PPAT
PPP1R15A,CCL4
LY6A,CD82
ZBTB20,NDRG1
TCF19,PCLAF
OASL2,XAF1
OTULINL,ZFP467
MPO,CDT1
FAM111A,CD48
YBX1,PA2G4
BTAF1,NCLN
RRM2,MTFR1
MPO,MPL
FLT3,PLEK
MIS18BP1,AURKB
GBP3,METTL7A1
GBP3,ADGRG3
HMGB2,RRM1
TRPC6,MYL10
EBF1,CSTF2
RAB31,GUSB
ANXA2,EPSTI1
MPO,CD48
HDC,FCGR3
HNRNPAB,CYP4V3
HMGB2,CISH
GIMAP1,LTB
TIPIN,GLB1
FCER1G,PRKCH
SLC18A2,GFI1B
CENPK,CDCA8
MECOM,INTS13
ZFP36,PPP1R15A
PLAC8,ZNRF2
MOGS,BTAF1
DUSP1,XPC
IGHM,MEIS1
HDC,ESAM
GIMAP5,MED16
PRODH,HACD3
MPO,RCC1
SLC44A2,HACD3
ANXA2,CSF2RB
IGHM,SLC18A2
IGHM,LY6C2
RRM2,E2F8
MCM7,TK1
TLE2,ABL1
HNRNPAB,E2F4
FLT3,GCNT2
PRPS2,NFATC2
TRMT11,SLC28A2
TAF12,SLC35B4
GSR,ZFP24
SLC19A1,UNC93B1
SERPINA3G,GIMAP1
TK1,CENPK
ARHGEF18,EMCN
ELANE,CTSG
IGHM,IGKC
PLAC8,PROCR
MTFR1,ADSSL1
MPL,GCNT2
MCM7,CDT1
RPRD1B,PBX1
HDAC7,CSRP3
POLE3,DNM1L
CTSO,MSMO1
ALDH9A1,PRIM2
IL27RA,MIS12
HDC,SLC18A2
TBC1D10C,TMX4
PLPPR3,YBX1
PA2G4,MCM6
GMIP,DCAF13
MTFR1,G6PDX
RASSF4,LY6C2
HDC,LY6C2
RELB,PSAT1
AHCYL1,MCM2
EGR1,PPP1R15A
ZBTB20,NDE1
DDX58,ANXA3
